brand;product_name;category;subcategory;price_pln;size_ml;skin_types;skin_concerns;key_ingredients;avoid_if;fragrance_free;pregnancy_safe;barrier_friendly;comedogenic_risk;recommended_step;usage_time;usage_frequency;short_reason;source_url
BasicLab;Serum z trehalozą 10% i 5% peptydem, Nawilżenie i Wypełnienie;serum;nawilżające;169.90;30;sucha|wrażliwa|odwodniona|normalna;odwodnienie|bariera|zmarszczki;trehaloza 10%|peptyd biomimetyczny 5%|kwas hialuronowy|pantenol;;tak;tak;tak;niskie;serum;rano i wieczorem;codziennie;Kultowe serum nawilżające z trehalozą – odbudowuje barierę i chroni komórki przed stresem osmotycznym. Świetne jako baza pod kolejne kroki.;https://basiclab.shop/pl/products/serum-z-trehaloza-10-i-5-peptydem-nawilzenie-i-wypelnienie-15
BasicLab;Serum regenerujące strukturę skóry z ceramidami 1%, Sprężystość i Odbudowa;serum;regenerujące;169.90;30;sucha|wrażliwa|dojrzała|naczynkowa;bariera|suchość|podrażnienia|zmarszczki;ceramidy 1%|skwalan|fitosfingozynowy kompleks|prebiotyki;;tak;tak;tak;niskie;serum;rano i wieczorem;codziennie;Odbudowuje barierę hydrolipidową ceramidami – idealne po uszkodzeniu bariery, retinoidach czy zabiegach.;https://basiclab.shop/pl/products/serum-regenerujace-strukture-skory-z-ceramidami-1-sprezystosc-i-odbudowa-27
BasicLab;Serum regenerujące z ceramidami 1% i kompleksem peptydów 5%, Sprężystość i Odbudowa;serum;regenerujące;169.90;30;sucha|wrażliwa|dojrzała;bariera|zmarszczki|utrata jędrności;ceramidy 1%|kompleks peptydów 5%|skwalan|prebiotyki;;tak;tak;tak;niskie;serum;rano i wieczorem;codziennie;Wersja ceramidowa wzbogacona peptydami – regeneracja bariery + wsparcie anti-aging w jednym.;https://basiclab.shop/pl/products/serum-regenerujace-strukture-skory-z-ceramidami-1-i-kompleksem-peptydow-5-sprezystosc-i-odbudowa-28
BasicLab;Serum ujędrniające z 0,5% czystych peptydów miedziowych, Elastyczność i Wypełnienie;serum;anti-aging;269.90;30;dojrzała|wrażliwa|mieszana|normalna;zmarszczki|utrata jędrności|przebarwienia;peptydy miedziowe 0.5%|koenzym Q10|witamina E|skwalan;kwasy (w tej samej rutynie)|witamina C (w tej samej rutynie);tak;nie;tak;niskie;serum;wieczorem;codziennie;Złoty standard anti-aging BasicLab – peptydy miedziowe stymulują produkcję kolagenu i przyspieszają regenerację.;https://basiclab.shop/pl/products/serum-ujedrniajace-z-0-5-czystych-peptydow-miedziowych-elastycznosc-i-wypelnienie-163
BasicLab;Ujędrniające serum wygładzające 0,7% peptydów miedziowych, 30% peptydów prokolagenowych, 1,0% PDRN;serum;anti-aging;299.90;30;dojrzała|wrażliwa|normalna;zmarszczki|utrata jędrności|regeneracja;peptydy miedziowe 0.7%|peptydy prokolagenowe 30%|PDRN 1%|koenzym Q10;kwasy (w tej samej rutynie)|witamina C (w tej samej rutynie);tak;nie;tak;niskie;serum;wieczorem;codziennie;Najsilniejsze serum anti-aging BasicLab – potrójna formuła z PDRN i peptydami miedziowymi. Nowość 2025.;https://basiclab.shop/pl/products/ujedrniajace-serum-wygladzajace-0-7-czystych-peptydow-miedziowych-30-kompleksu-peptydow-prokolagenowych-1-0-czystego-pdrn-wypelnienie-i-lifting-907
BasicLab;Serum z witaminą C 15%, Nawilżenie i Rozświetlenie;serum;rozświetlające;99.90;30;normalna|mieszana|sucha|dojrzała;przebarwienia|szary koloryt|antyoksydacja;witamina C (Ascorbyl Tetraisopalmitate) 15%|witamina E|skwalan;retinol (w tej samej rutynie);tak;tak;tak;niskie;serum;rano;codziennie;Stabilna forma witaminy C w emulsji olejowej – rozświetla, wyrównuje koloryt i chroni przed wolnymi rodnikami. Bestseller.;https://basiclab.shop/pl/products/serum-z-witamina-c-15-nawilzenie-i-rozswietlenie-342
BasicLab;Serum z witaminą C 10%, Napięcie i Wzmocnienie;serum;rozświetlające;99.90;30;normalna|mieszana|wrażliwa;przebarwienia|szary koloryt|antyoksydacja|pierwszezmarszczki;witamina C (Ascorbyl Glucoside) 10%|koenzym Q10|kwas hialuronowy;;tak;tak;tak;niskie;serum;rano;codziennie;Łagodniejsza forma witaminy C (glukozyd) – dobra opcja rozświetlająca na start, wodna konsystencja.;https://basiclab.shop/pl/products/serum-z-witamina-c-10-napiecie-i-wzmocnienie-340
BasicLab;Antyoksydacyjne serum wyrównujące z wit. C 15%, Rozświetlenie i Wyciszenie;serum;rozświetlające;169.90;30;normalna|mieszana|dojrzała|wrażliwa;przebarwienia|szary koloryt|zmarszczki|antyoksydacja;witamina C 15%|kwas ferulowy|floretyna|resweratrol|witamina E;;tak;tak;tak;niskie;serum;rano;codziennie;Zaawansowane serum antyoksydacyjne z synergia wit. C + kwas ferulowy + floretyna. Silna ochrona przed fotostarzeniem.;https://basiclab.shop/pl/products/antyoksydacyjne-serum-wyrownujace-z-wit-c-15-rozswietlenie-i-wyciszenie-36
BasicLab;Emulsyjne serum z 0,3% czystego retinolu, 3% wit. C i koenzymem Q10, Odnowa i Stymulacja;serum;retinol;169.90;30;normalna|mieszana|dojrzała;zmarszczki|przebarwienia|tekstura|utrata jędrności;retinol 0.3%|witamina C 3%|koenzym Q10|skwalan|witamina E;ciąża|karmienie piersią|kwasy AHA/BHA (w tej samej rutynie);tak;nie;nie;niskie;serum;wieczorem;2-3x/tydzień (stopniowo codziennie);Średnie stężenie retinolu w emulsji – dobry następny krok po 0.1%. Wspomaga odnowę komórkową i redukcję zmarszczek.;https://basiclab.shop/pl/products/emulsyjne-serum-z-0-3-czystego-retinolu-3-witamina-c-i-koenzymem-q10-odnowa-i-stymulacja-64
BasicLab;Serum z czystym retinolem 0,5%, Odnowa i Stymulacja;serum;retinol;159.90;30;normalna|mieszana|dojrzała|tłusta;zmarszczki|przebarwienia|tekstura|trądzik;retinol 0.5%|skwalan|witamina E|koenzym Q10;ciąża|karmienie piersią|kwasy AHA/BHA (w tej samej rutynie)|wrażliwa skóra bez adaptacji;tak;nie;nie;niskie;serum;wieczorem;2-3x/tydzień;Silne stężenie retinolu – dla skóry przyzwyczajonej do retinoidów. Intensywna odnowa i redukcja przebarwień.;https://basiclab.shop/pl/products/serum-z-czystym-retinolem-0-5-odnowa-i-stymulacja-10
BasicLab;Serum z retinalem 0,05%, Ujędrnienie i Wygładzenie;serum;retinol;169.90;30;dojrzała|normalna|mieszana;zmarszczki|utrata jędrności|przebarwienia|tekstura;retinal 0.05%|skwalan|witamina E|koenzym Q10|CICA;ciąża|karmienie piersią|kwasy AHA/BHA (w tej samej rutynie);tak;nie;nie;niskie;serum;wieczorem;2-3x/tydzień (stopniowo codziennie);Retinal (retinaldehyd) – silniejszy od retinolu, szybsze efekty anti-aging. Wymaga adaptacji skóry.;https://basiclab.shop/pl/products/serum-z-retinalem-0-05-ujedrnienie-i-wygladzenie-341
BasicLab;Serum z retinalem 0,10%, Ujędrnienie i Wygładzenie;serum;retinol;199.90;30;dojrzała|normalna;zmarszczki|utrata jędrności|przebarwienia|głęboka odnowa;retinal 0.10%|skwalan|witamina E|koenzym Q10|CICA;ciąża|karmienie piersią|kwasy AHA/BHA|wrażliwa skóra|brak doświadczenia z retinoidami;tak;nie;nie;niskie;serum;wieczorem;2-3x/tydzień;Najsilniejszy retinal w ofercie – dla skóry zaadaptowanej do retinoidów. Intensywne efekty przeciwzmarszczkowe.;https://basiclab.shop/pl/products/serum-z-retinalem-0-10-ujedrnienie-i-wygladzenie-343
BasicLab;Serum z Adapinoidem 0,1%, Redukcja Niedoskonałości;serum;na niedoskonałości;149.90;30;tłusta|mieszana|trądzikowa;trądzik|zaskórniki|niedoskonałości|sebum;Adapinoid (ester kwasu adapalenu) 0.1%|niacynamid|prebiotyki;ciąża|karmienie piersią|retinoidy (w tej samej rutynie);tak;nie;nie;niskie;serum;wieczorem;codziennie (po adaptacji);Adapinoid to kosmetyczny ester adapalenu – skuteczny na zaskórniki i trądzik bez recepty. Reguluje keratynizację.;https://basiclab.shop/pl/products/serum-z-adapinoidem-0-1-redukcja-niedoskonalosci-905
BasicLab;Nawilżające serum poprawiające napięcie z 3% HA, 5% aminokwasów i 15% peptydów biomimetycznych;serum;nawilżające;169.90;30;sucha|wrażliwa|dojrzała|normalna;odwodnienie|zmarszczki|utrata jędrności;kwas hialuronowy 3%|aminokwasy 5%|peptydy biomimetyczne 15%;;tak;tak;tak;niskie;serum;rano i wieczorem;codziennie;Potrójne nawilżanie i napięcie – HA, aminokwasy i peptydy w jednym. Dla bardzo odwodnionej skóry dojrzałej.;https://basiclab.shop/pl/products/nawilzajace-serum-poprawiajace-napiecie-z-3-kwasu-hialuronowego-5-kompleksu-aminokwasow-i-15-kompleksu-peptydow-biomimetycznych-631
BasicLab;Serum z niacynamidem 5%, Zwężenie Porów i Redukcja Niedoskonałości;serum;regulujące;89.90;30;tłusta|mieszana|trądzikowa|normalna;pory|sebum|niedoskonałości|nierówny koloryt;niacynamid 5%|prebiotyki|kwas hialuronowy;;tak;tak;tak;niskie;serum;rano i wieczorem;codziennie;Klasyczny niacynamid – reguluje sebum, zmniejsza widoczność porów i wyrównuje koloryt. Bezpieczny dla większości skór.;https://basiclab.shop/pl/products/serum-z-niacynamidem-5-zwezenie-porow-i-redukcja-niedoskonalosci-466
BasicLab;Serum z ektoiną 2%, Ukojenie i Wzmocnienie;serum;kojące;149.90;30;wrażliwa|naczynkowa|sucha|odwodniona;zaczerwienienia|podrażnienia|bariera|reaktywność;ektoina 2%|trehaloza|kwas hialuronowy|pantenol;;tak;tak;tak;niskie;serum;rano i wieczorem;codziennie;Ektoina chroni komórki przed stresem – idealne dla skóry reaktywnej, naczynkowej i po zabiegach.;https://basiclab.shop/pl/products/serum-z-ektoina-2-ukojenie-i-wzmocnienie-468
BasicLab;Serum z kwasem azelainowym 5%, Redukcja Zaczerwienień;serum;na zaczerwienienia;99.90;30;wrażliwa|naczynkowa|trądzikowa|mieszana;zaczerwienienia|trądzik różowaty|przebarwienia potrądzikowe|niedoskonałości;kwas azelainowy 5%|niacynamid|prebiotyki;;tak;tak;tak;niskie;serum;rano i wieczorem;codziennie;Kwas azelainowy – wielozadaniowy: redukuje zaczerwienienia, przebarwienia i stan zapalny. Bezpieczny w ciąży.;https://basiclab.shop/pl/products/serum-z-kwasem-azelainowym-5-redukcja-zaczerwienien-339
BasicLab;Punktowe serum na zmiany mikrozapalne z 7% AHA/BHA, 3% kwasu azelainowego i laktoferyną;serum;punktowe;69.90;15;tłusta|mieszana|trądzikowa;stany zapalne|pryszcze|zaskórniki;AHA/BHA 7%|kwas azelainowy 3%|laktoferyna;bardzo wrażliwa skóra|uszkodzona bariera;tak;nie;nie;niskie;leczenie punktowe;wieczorem;według potrzeb;Punktowy atak na stany zapalne – nakładać bezpośrednio na pryszcze. Szybko redukuje zmiany zapalne.;https://basiclab.shop/pl/products/punktowe-serum-na-zmiany-mikrozapalne-z-7-aha-bha-3-kwasu-azelainowego-i-laktoferyna-466
BasicLab;Serum z prebiotykami, Wzmocnienie i Równowaga Mikrobiomu;serum;probiotyczne;129.90;30;wrażliwa|tłusta|mieszana|trądzikowa;bariera|niedoskonałości|reaktywność|mikrobiom;prebiotyki|inulina|beta glukan|kwas hialuronowy;;tak;tak;tak;niskie;serum;rano i wieczorem;codziennie;Wspiera równowagę mikrobiomu skóry – dobra opcja dla skóry reaktywnej po antybiotykoterapii lub nadmiarze aktywów.;https://basiclab.shop/pl/products/serum-z-prebiotykami-wzmocnienie-i-rownowaga-mikrobiomu-337
BasicLab;Serum z kwasem hialuronowym, Nawilżenie i Odbudowa;serum;nawilżające;89.90;30;sucha|odwodniona|wrażliwa|normalna;odwodnienie|suchość|bariera;kwas hialuronowy (3 masy cząsteczkowe)|pantenol|betaina;;tak;tak;tak;niskie;serum;rano i wieczorem;codziennie;Klasyczne serum HA w trzech masach cząsteczkowych – nawilża na różnych poziomach naskórka. Prosta baza nawilżająca.;https://basiclab.shop/pl/products/serum-z-kwasem-hialuronowym-nawilzenie-i-odbudowa-338
BasicLab;Serum z CBD 500mg, Ukojenie i Regeneracja;serum;kojące;149.90;30;wrażliwa|naczynkowa|sucha|trądzikowa;zaczerwienienia|podrażnienia|stany zapalne|bariera;CBD 500mg|skwalan|witamina E|olej z ogórecznika;;tak;tak;tak;niskie;serum;wieczorem;codziennie;CBD o działaniu przeciwzapalnym i łagodzącym – dobre dla skóry podrażnionej, z zaczerwienieniami.;https://basiclab.shop/pl/products/serum-z-cbd-500mg-ukojenie-i-regeneracja-344
BasicLab;Serum z resweratrolem, koenzymem Q10 i filtrem z wody ryżowej, Antyoksydacja i Odbudowa;serum;antyoksydacyjne;129.90;30;dojrzała|normalna|mieszana|wrażliwa;starzenie|antyoksydacja|szary koloryt|wolne rodniki;resweratrol|koenzym Q10|filtrat z wody ryżowej|witamina E;;tak;tak;tak;niskie;serum;rano;codziennie;Silna tarcza antyoksydacyjna – resweratrol + Q10 chronią przed wolnymi rodnikami i fotostarzeniem.;https://basiclab.shop/pl/products/serum-z-resweratrolem-koenzymem-q10-i-filtrem-z-wody-ryzowej-antyoksydacja-i-odbudowa-345
BasicLab;Serum z kwasem traneksamowym 3% i witaminą C, Redukcja Przebarwień;serum;rozświetlające;129.90;30;normalna|mieszana|dojrzała|wrażliwa;przebarwienia|plamy posłoneczne|nierówny koloryt|melasma;kwas traneksamowy 3%|witamina C|niacynamid|glutation;;tak;tak;tak;niskie;serum;rano i wieczorem;codziennie;Kwas traneksamowy hamuje nadmierną melanogenezę – silne działanie na melasma i przebarwienia posłoneczne.;https://basiclab.shop/pl/products/serum-z-kwasem-traneksamowym-3-i-witamina-c-redukcja-przebarwien-630
BasicLab;Peptydowe serum pod oczy z 10% kompleksem peptydów, Nawilżenie i Wygładzenie;serum pod oczy;anti-aging;99.90;15;wszystkie|wrażliwa|dojrzała;zmarszczki wokół oczu|odwodnienie okolic oczu|cienie;kompleks peptydów 10%|kofeina|witamina C|kwas hialuronowy;;tak;tak;tak;niskie;serum pod oczy;rano i wieczorem;codziennie;Peptydowe serum pod oczy – nawilża, wygładza drobne zmarszczki i redukuje cienie kofeiny.;https://basiclab.shop/pl/products/peptydowe-serum-pod-oczy-z-10-kompleksem-peptydow-nawilzenie-i-wygladzenie-629
BasicLab;Serum pod oczy z 3% kofeiny i witaminami, Redukcja Cieni i Obrzęków;serum pod oczy;na cienie;79.90;15;wszystkie|wrażliwa;cienie pod oczami|obrzęki|zmęczone oczy;kofeina 3%|witamina C|witamina K|kwas hialuronowy|pantenol;;tak;tak;tak;niskie;serum pod oczy;rano;codziennie;Kofeina rozjaśnia cienie i zmniejsza obrzęki wokół oczu. Dobry poranny produkt pod oczy.;https://basiclab.shop/pl/products/serum-pod-oczy-z-3-kofeiny-i-witaminami-redukcja-cieni-i-obrzekow-467
BasicLab;Lekki krem nawilżający z trehalozą, Nawilżenie i Wygładzenie;krem;nawilżający;89.90;50;normalna|mieszana|tłusta;odwodnienie|bariera|lekkie nawilżenie;trehaloza|skwalan|kwas hialuronowy|witamina E;;tak;tak;tak;niskie;krem;rano i wieczorem;codziennie;Lekka konsystencja z trehalozą – dobrze się sprawdza pod SPF na dzień. Nie obciąża skóry mieszanej.;https://basiclab.shop/pl/products/lekki-krem-nawilzajacy-z-trehaloza-nawilzenie-i-wygladzenie-161
BasicLab;Odżywczy krem z ceramidami, Odbudowa i Odżywienie;krem;odżywczy;109.90;50;sucha|wrażliwa|naczynkowa|dojrzała;suchość|bariera|podrażnienia|ściąganie;ceramidy|skwalan|masło shea|pantenol|witamina E;tłusta skóra (zbyt bogaty);tak;tak;tak;średnie;krem;rano i wieczorem;codziennie;Bogaty krem z ceramidami – odbudowuje barierę i intensywnie odżywia. Dla suchej i wrażliwej cery.;https://basiclab.shop/pl/products/odzywczy-krem-z-ceramidami-odbudowa-i-odzywienie-162
BasicLab;Krem peptydowy, Ujędrnienie i Lifting;krem;anti-aging;149.90;50;dojrzała|normalna|sucha;zmarszczki|utrata jędrności|owal twarzy;kompleks peptydów|koenzym Q10|witamina E|skwalan|ceramidy;;tak;tak;tak;niskie;krem;rano i wieczorem;codziennie;Krem anti-aging z peptydami – wspomaga jędrność i napięcie. Dobry jako krem dzienny lub nocny dla skóry dojrzałej.;https://basiclab.shop/pl/products/krem-peptydowy-ujedrnienie-i-lifting-633
BasicLab;Krem nawilżający z prebiotykami, Równowaga i Nawilżenie;krem;probiotyczny;79.90;50;mieszana|normalna|wrażliwa|tłusta;bariera|niedoskonałości|nawilżenie|reaktywność;prebiotyki|kwas hialuronowy|pantenol|skwalan;;tak;tak;tak;niskie;krem;rano i wieczorem;codziennie;Lekki krem z prebiotykami – wspiera mikrobiom i równowagę skóry. Uniwersalny, dobry na start.;https://basiclab.shop/pl/products/krem-nawilzajacy-z-prebiotykami-rownowaga-i-nawilzenie-164
BasicLab;Krem z witaminą C, Rozświetlenie i Wygładzenie;krem;rozświetlający;109.90;50;normalna|mieszana|dojrzała;przebarwienia|szary koloryt|antyoksydacja;witamina C|witamina E|skwalan|koenzym Q10;;tak;tak;tak;niskie;krem;rano;codziennie;Krem z wit. C na dzień – rozświetla, chroni antyoksydacyjnie, dobra baza pod SPF.;https://basiclab.shop/pl/products/krem-z-witamina-c-rozswietlenie-i-wygladzenie-632
BasicLab;Peptydowy krem pod oczy z 3% kofeiny i 1% witaminy C, Redukcja Cieni;krem pod oczy;na cienie;79.90;15;wszystkie;cienie|obrzęki|zmarszczki mimiczne;kofeina 3%|witamina C 1%|peptydy|kwas hialuronowy;;tak;tak;tak;niskie;krem pod oczy;rano;codziennie;Krem pod oczy z kofeiną na dzień – zmniejsza obrzęki i rozjaśnia cienie pod oczami.;https://basiclab.shop/pl/products/peptydowy-krem-pod-oczy-z-3-kofeiny-i-1-witaminy-c-redukcja-cieni-469
BasicLab;Odżywczy krem pod oczy z ceramidami i retinalem, Wygładzenie i Napięcie;krem pod oczy;anti-aging;99.90;15;dojrzała|sucha;zmarszczki wokół oczu|suchość|utrata jędrności;ceramidy|retinal|peptydy|witamina E|skwalan;ciąża|karmienie piersią;tak;nie;tak;niskie;krem pod oczy;wieczorem;codziennie;Nocny krem pod oczy z retinalem – wygładza zmarszczki mimiczne i odżywia delikatną skórę.;https://basiclab.shop/pl/products/odzywczy-krem-pod-oczy-z-ceramidami-i-retinalem-wygladzenie-i-napiecie-470
BasicLab;Lekka emulsja ochronna SPF50+ PA++++, Zapobieganie i Ochrona;SPF;chemiczny;79.90;50;normalna|mieszana|tłusta;ochrona UV|fotostarzenie|przebarwienia;filtry UVA/UVB nowoczesne|witamina E|skwalan;;tak;tak;tak;niskie;SPF;rano;codziennie;Lekka emulsja SPF50+ – uniwersalna ochrona, nie obciąża, dobra baza pod makijaż.;https://basiclab.shop/pl/products/lekka-emulsja-ochronna-spf50-pa-zapobieganie-i-ochrona-165
BasicLab;Tonująca emulsja ochronna SPF50+ PPD 41.9;SPF;tonujący;89.90;50;normalna|mieszana|sucha;ochrona UV|przebarwienia|fotostarzenie|wyrównanie kolorytu;filtry UVA/UVB (PPD 41.9)|pigmenty tonujące|witamina E;;tak;tak;tak;niskie;SPF;rano;codziennie;Tonujący SPF50+ z bardzo wysokim PPD – lekko wyrównuje koloryt i daje silną ochronę UVA. Jeden z najlepszych na rynku PL.;https://basiclab.shop/pl/products/tonujaca-emulsja-ochronna-spf50-ppd-41-9-166
BasicLab;Ochronny krem barierowy SPF50+ z ceramidami, Prewencja i Odbudowa;SPF;barierowy;99.90;50;sucha|wrażliwa|naczynkowa;ochrona UV|bariera|suchość|podrażnienia;filtry UVA/UVB|ceramidy|skwalan|pantenol|witamina E;tłusta skóra (może być za bogaty);tak;tak;tak;niskie;SPF;rano;codziennie;SPF z ceramidami – chroni i jednocześnie odbudowuje barierę. Idealny dla suchej i wrażliwej cery.;https://basiclab.shop/pl/products/ochronny-krem-barierowy-spf50-z-ceramidami-prewencja-i-odbudowa-634
BasicLab;Ultralekki fluid ochronny SPF50+, Ochrona i Matowienie;SPF;matujący;79.90;50;tłusta|mieszana|trądzikowa;ochrona UV|nadmiar sebum|błyszczenie;filtry UVA/UVB|niacynamid|witamina E;sucha skóra (zbyt matujący);tak;tak;tak;niskie;SPF;rano;codziennie;Ultralekki fluid SPF – nie zatyka porów, matowi i kontroluje sebum. Pierwszy wybór dla tłustej skóry.;https://basiclab.shop/pl/products/ultralekki-fluid-ochronny-spf50-ochrona-i-matowienie-635
BasicLab;Tonik tonizujący z trehalozą i prebiotykami, Nawilżenie i Wzmocnienie;tonik;nawilżający;49.90;150;wszystkie|wrażliwa|sucha;odwodnienie|bariera|przygotowanie do serum;trehaloza|prebiotyki|pantenol|kwas hialuronowy;;tak;tak;tak;niskie;tonik;rano i wieczorem;codziennie;Kojący tonik na bazie trehalozy – przygotowuje skórę do dalszych kroków i wspiera barierę.;https://basiclab.shop/pl/products/tonik-tonizujacy-z-trehaloza-i-prebiotykami-nawilzenie-i-wzmocnienie-167
BasicLab;Tonik z ektoiną, Ukojenie i Wzmocnienie;tonik;kojący;59.90;150;wrażliwa|naczynkowa|sucha;zaczerwienienia|podrażnienia|reaktywność|bariera;ektoina|trehaloza|pantenol|kwas hialuronowy;;tak;tak;tak;niskie;tonik;rano i wieczorem;codziennie;Tonik z ektoiną dla bardzo wrażliwej i naczynkowej skóry – głęboko kojący i wzmacniający.;https://basiclab.shop/pl/products/tonik-z-ektoina-ukojenie-i-wzmocnienie-471
BasicLab;Primer tonizujący z niacynamidem 3%, Redukcja Porów;tonik;regulujący;49.90;150;tłusta|mieszana|trądzikowa;pory|sebum|niedoskonałości|nierówny koloryt;niacynamid 3%|prebiotyki|kwas hialuronowy;;tak;tak;tak;niskie;tonik;rano i wieczorem;codziennie;Tonik z niacynamidem – zmniejsza pory, reguluje sebum i przygotowuje skórę do serum.;https://basiclab.shop/pl/products/primer-tonizujacy-z-niacynamidem-3-redukcja-porow-472
BasicLab;Żel oczyszczający do skóry tłustej z niacynamidem i prebiotykami;żel do mycia;oczyszczający;39.90;150;tłusta|mieszana|trądzikowa;sebum|zanieczyszczenia|niedoskonałości;niacynamid|prebiotyki|betaina;sucha skóra;tak;tak;tak;niskie;oczyszczanie;rano i wieczorem;codziennie;Żel myjący dla skóry tłustej – dobrze oczyszcza bez przesuszania. Niacynamid wspiera regulację sebum.;https://basiclab.shop/pl/products/zel-oczyszczajacy-do-skory-tlustej-z-niacynamidem-i-prebiotykami-169
BasicLab;Żel oczyszczający do skóry suchej i wrażliwej z ektoiną i prebiotykami;żel do mycia;łagodny;39.90;150;sucha|wrażliwa|naczynkowa;suchość|podrażnienia|bariera|reaktywność;ektoina|prebiotyki|betaina|pantenol;;tak;tak;tak;niskie;oczyszczanie;rano i wieczorem;codziennie;Delikatny żel z ektoiną – myje bez naruszania bariery. Idealny dla suchej i wrażliwej cery.;https://basiclab.shop/pl/products/zel-oczyszczajacy-do-skory-suchej-i-wrazliwej-z-ektoina-i-prebiotykami-170
BasicLab;Pianka do mycia twarzy dla skóry wrażliwej i naczynkowej;pianka do mycia;łagodna;39.90;150;wrażliwa|naczynkowa|sucha;reaktywność|podrażnienia|suchość;prebiotyki|pantenol|betaina|ektoina;;tak;tak;tak;niskie;oczyszczanie;rano i wieczorem;codziennie;Delikatna pianka myjąca – minimalnie podrażnia, dobra dla skóry naczynkowej i atopowej.;https://basiclab.shop/pl/products/pianka-do-mycia-twarzy-dla-skory-wrazliwej-i-naczynkowej-473
BasicLab;Emulsja myjąca do skóry ultrawrażliwej z prebiotykami;emulsja myjąca;ultralekka;39.90;150;ultrawrażliwa|wrażliwa|naczynkowa|sucha;reaktywność|podrażnienia|bariera|suchość;prebiotyki|betaina|pantenol;;tak;tak;tak;niskie;oczyszczanie;rano i wieczorem;codziennie;Najdelikatniejsza forma oczyszczania w ofercie – dla skóry ultrawrażliwej i po zabiegach dermatologicznych.;https://basiclab.shop/pl/products/emulsja-myjaca-do-skory-ultrawrazliwej-z-prebiotykami-474
BasicLab;Płyn micelarny z trehalozą i prebiotykami, Nawilżenie i Oczyszczenie;płyn micelarny;demakijaż;39.90;300;wszystkie|wrażliwa|sucha;demakijaż|oczyszczanie|bariera;trehaloza|prebiotyki|pantenol|kwas hialuronowy;;tak;tak;tak;niskie;demakijaż;wieczorem;codziennie;Łagodny płyn micelarny – skuteczny demakijaż bez podrażnień. Dobry pierwszy krok oczyszczania.;https://basiclab.shop/pl/products/plyn-micelarny-z-trehaloza-i-prebiotykami-nawilzenie-i-oczyszczenie-168
BasicLab;Olejek do demakijażu i oczyszczania, Odżywienie i Oczyszczenie;olejek do demakijażu;demakijaż;59.90;150;wszystkie|sucha|normalna;demakijaż|SPF|makijaż wodoodporny;oleje roślinne|witamina E|skwalan;;tak;tak;tak;niskie;demakijaż;wieczorem;codziennie;Olejek do demakijażu – emulguje z wodą, skutecznie usuwa makijaż i SPF. Pierwszy krok double cleansing.;https://basiclab.shop/pl/products/olejek-do-demakijazu-i-oczyszczania-odzywienie-i-oczyszczenie-636
BasicLab;Peeling kwasowy 8% AHA/BHA, Złuszczanie i Wygładzenie;peeling;kwasowy;59.90;30;normalna|mieszana|tłusta;tekstura|pory|niedoskonałości|szary koloryt;kwas glikolowy|kwas salicylowy|kwas mlekowy|pantenol;wrażliwa skóra|uszkodzona bariera|ciąża (BHA);tak;nie;nie;niskie;peeling;wieczorem;1-2x/tydzień;Peeling AHA/BHA – złuszcza martwą warstwę naskórka i oczyszcza pory. Widoczna poprawa tekstury.;https://basiclab.shop/pl/products/peeling-kwasowy-8-aha-bha-zluszczanie-i-wygladzenie-475
BasicLab;Peeling kwasowy z kwasem salicylowym 2% i kwasem azelainowym, Oczyszczenie;peeling;kwasowy BHA;59.90;30;tłusta|mieszana|trądzikowa;trądzik|zaskórniki|pory|sebum;kwas salicylowy 2%|kwas azelainowy|niacynamid;ciąża|karmienie piersią|bardzo wrażliwa skóra;tak;nie;nie;niskie;peeling;wieczorem;1-2x/tydzień;Peeling BHA na niedoskonałości – rozpuszcza sebum w porach. Idealny przy zaskórnikach i trądziku.;https://basiclab.shop/pl/products/peeling-kwasowy-z-kwasem-salicylowym-2-i-kwasem-azelainowym-oczyszczenie-476
BasicLab;Peeling enzymatyczny z papainą i ananasiną, Złuszczanie i Rozświetlenie;peeling;enzymatyczny;49.90;50;wrażliwa|sucha|naczynkowa|normalna;złuszczanie|szary koloryt|nierówna tekstura;papaina|ananasin (bromelina)|pantenol|kwas hialuronowy;;tak;tak;tak;niskie;peeling;wieczorem;1-2x/tydzień;Enzymy zamiast kwasów – najłagodniejsza forma złuszczania. Bezpieczna w ciąży i dla skóry naczynkowej.;https://basiclab.shop/pl/products/peeling-enzymatyczny-z-papaina-i-ananasiną-zluszczanie-i-rozswietlenie-477
BasicLab;Maska z ektoiną 5%, Głębokie Ukojenie;maska;kojąca;69.90;50;wrażliwa|naczynkowa|sucha|odwodniona;zaczerwienienia|podrażnienia|reaktywność|odwodnienie;ektoina 5%|trehaloza|pantenol|kwas hialuronowy|skwalan;;tak;tak;tak;niskie;maska;wieczorem;1-3x/tydzień;Intensywnie kojąca maska z ektoiną – SOS dla podrażnionej skóry. Dobre zastosowanie po zabiegach.;https://basiclab.shop/pl/products/maska-z-ektoina-5-glebokie-ukojenie-637
BasicLab;Maska witaminowa z witaminą C, Rozświetlenie i Rewitalizacja;maska;rozświetlająca;69.90;50;normalna|mieszana|dojrzała;szary koloryt|przebarwienia|zmęczenie;witamina C|witamina E|koenzym Q10|skwalan;;tak;tak;tak;niskie;maska;wieczorem;1-3x/tydzień;Witaminowa bomba rozświetlająca – daje efekt glow i odżywia. Dobra przed ważnym wydarzeniem.;https://basiclab.shop/pl/products/maska-witaminowa-z-witamina-c-rozswietlenie-i-rewitalizacja-638
BasicLab;Pomadka ochronna do ust z ceramidami i witaminą E;pomadka do ust;ochronna;29.90;4;wszystkie;suchość ust|spękane usta|ochrona;ceramidy|witamina E|skwalan|masło shea;;tak;tak;tak;niskie;pielęgnacja ust;rano i wieczorem;codziennie (wielokrotnie);Odżywcza pomadka z ceramidami – regeneruje i chroni usta. Sztyft bez podrażnień.;https://basiclab.shop/pl/products/pomadka-ochronna-do-ust-z-ceramidami-i-witamina-e-171
BasicLab;Estrogenis Serum liftingujące z fitoestrogenami, Napięcie i Lifting;serum;anti-aging/menopauza;199.90;30;dojrzała|sucha|normalna;utrata jędrności|zmarszczki|menopauza|wiotkość;fitoestrogeny|peptydy|koenzym Q10|ceramidy|witamina E;;tak;nie dotyczy;tak;niskie;serum;rano i wieczorem;codziennie;Nowa linia dla skóry menopauzalnej – fitoestrogeny wspomagają produkcję kolagenu i elastyny w skórze dojrzałej.;https://basiclab.shop/pl/parameters/nowosci-1043
BasicLab;Estrogenis Krem liftingujący z fitoestrogenami, Ujędrnienie i Odżywienie;krem;anti-aging/menopauza;179.90;50;dojrzała|sucha;utrata jędrności|zmarszczki|menopauza|suchość;fitoestrogeny|ceramidy|peptydy|skwalan|witamina E|masło shea;;tak;nie dotyczy;tak;niskie;krem;rano i wieczorem;codziennie;Bogaty krem z fitoestrogenami – głęboko odżywia i ujędrnia skórę w trakcie i po menopauzie.;https://basiclab.shop/pl/parameters/nowosci-1043
BasicLab;Serum z mikroigłami Pepticule, Lifting i Wygładzenie;serum;mikroigłowe;199.90;30;dojrzała|normalna|mieszana;zmarszczki|utrata jędrności|tekstura|pory;mikroigły Pepticule|peptydy|kwas hialuronowy|koenzym Q10;wrażliwa skóra|naczynkowa skóra|trądzik czynny;tak;nie;nie;niskie;serum;wieczorem;2-3x/tydzień;Mikroigły w serum – tworzą mikrokanaliki i zwiększają penetrację aktywów. Efekt przypomina mezoterapię domową.;https://basiclab.shop/pl/menu/twarz/skladnik-aktywny/mikroigly-pepticule-857
BasicLab;Serum z CICA i prebiotykami, Regeneracja i Ukojenie;serum;kojące;129.90;30;wrażliwa|naczynkowa|sucha|trądzikowa;podrażnienia|zaczerwienienia|bariera|regeneracja pozabiegowa;CICA (wkrotka azjatycka)|prebiotyki|pantenol|kwas hialuronowy;;tak;tak;tak;niskie;serum;rano i wieczorem;codziennie;CICA (centella asiatica) – przyspiesza gojenie i regenerację. Świetne po peelingach, kwasach czy retinoidach.;https://basiclab.shop/pl/menu/twarz/skladnik-aktywny/cica-380
BasicLab;Serum z aminokwasami, Nawilżenie i Wzmocnienie;serum;nawilżające;99.90;30;sucha|wrażliwa|normalna|odwodniona;odwodnienie|bariera|ściąganie|podrażnienia;kompleks aminokwasów|kwas hialuronowy|pantenol|trehaloza;;tak;tak;tak;niskie;serum;rano i wieczorem;codziennie;Aminokwasy to NMF skóry – odtwarzają naturalny czynnik nawilżający. Bardzo łagodne, dobre jako baza nawilżająca.;https://basiclab.shop/pl/menu/twarz/skladnik-aktywny/aminokwasy-360
Geek & Gorgeous;Smooth Out – peeling 12% AHA (kwas glikolowy + mlekowy);peeling;kwasowy AHA;53.00;100;normalna|mieszana|tłusta|dojrzała;tekstura|szary koloryt|zmarszczki|przebarwienia;kwas glikolowy|kwas mlekowy (razem 12% AHA)|ekstrakt z opuncji figowej|galaktoarabinan|pantenol;wrażliwa skóra|naczynkowa skóra|uszkodzona bariera;tak;tak;nie;niskie;peeling;wieczorem;2-3x/tydzień (stopniowo codziennie);Najsilniejszy eksfoliant G&G – 12% AHA na bazie glikolowego i mlekowego. Stymuluje kolagen, wyrównuje koloryt. Cult classic.;https://geekandgorgeous.pl/3-gg-eksfolianty
Geek & Gorgeous;Cheer Up – peeling 4% PHA + BHA (laktobionowy + salicylowy);peeling;kwasowy PHA/BHA;53.00;100;wrażliwa|sucha|naczynkowa|normalna;tekstura|odwodnienie|pory|łagodne złuszczanie;kwas laktobionowy (PHA)|kwas salicylowy (BHA)|galaktoarabinan|pantenol;ciąża (BHA);tak;nie;tak;niskie;peeling;wieczorem;2-4x/tydzień;Najłagodniejszy eksfoliant G&G – PHA nawilża podczas złuszczania, BHA czyści pory. Idealny na start z kwasami.;https://geekandgorgeous.pl/3-gg-eksfolianty
Geek & Gorgeous;Calm Down – peeling 4% PHA (laktobionowy);peeling;kwasowy PHA;53.00;100;wrażliwa|naczynkowa|sucha|reaktywna;delikatne złuszczanie|tekstura|nawilżenie podczas złuszczania;kwas laktobionowy 4% (PHA)|galaktoarabinan|pantenol;;tak;tak;tak;niskie;peeling;wieczorem;codziennie lub co 2. dzień;Najdelikatniejszy peeling – sam PHA (laktobionowy), nawilża i złuszcza jednocześnie. Bezpieczny w ciąży.;https://geekandgorgeous.pl/3-gg-eksfolianty
Geek & Gorgeous;C-Glow – serum z 15% witaminą C (L-Ascorbic Acid);serum;rozświetlające;68.00;30;normalna|mieszana|dojrzała|tłusta;przebarwienia|szary koloryt|antyoksydacja|fotostarzenie|zmarszczki;L-kwas askorbinowy 15%|kwas ferulowy|witamina E (tokoferol)|kwas hialuronowy;wrażliwa skóra (pH ~3.0 może szczypać)|uszkodzona bariera;tak;tak;nie;niskie;serum;rano;codziennie;Bestseller nr 1 G&G – czysta witamina C + kwas ferulowy + wit. E (złota trójka). Wodna, szybko się wchłania. Przechowywać w lodówce!;https://geekandgorgeous.pl/gg-101-serum/44-c-glow.html
Geek & Gorgeous;A-Game 5 – serum z 0,05% retinalu;serum;retinal;76.00;30;normalna|mieszana|tłusta|wrażliwa;zmarszczki|tekstura|przebarwienia|pierwsze oznaki starzenia;retinal 0.05%|skwalan|witamina E|bisabolol;ciąża|karmienie piersią;tak;nie;nie;niskie;serum;wieczorem;co 2-3 dni (stopniowo codziennie);Retinal entry-level – łagodna emulsja z 0,05% retinalu. Idealny na start z retinoidami lub dla skóry wrażliwej.;https://geekandgorgeous.pl/gg-101-serum/42-a-game-5.html
Geek & Gorgeous;A-Game 10 – serum z 0,1% retinalu;serum;retinal;108.00;30;normalna|mieszana|tłusta|dojrzała;zmarszczki|przebarwienia|tekstura|utrata jędrności;retinal 0.1%|skwalan|witamina E|bisabolol|ektoina;ciąża|karmienie piersią|brak doświadczenia z retinoidami;tak;nie;nie;niskie;serum;wieczorem;co 2-3 dni (stopniowo codziennie);Średnie stężenie retinalu – dla osób po adaptacji na A-Game 5. Silna stymulacja odnowy komórkowej.;https://geekandgorgeous.pl/gg-101-serum/41-a-game-10.html
Geek & Gorgeous;A-Game 20 – serum z 0,2% retinalu i ektoiną;serum;retinal;120.00;30;dojrzała|normalna|mieszana|tłusta;zmarszczki|utrata jędrności|przebarwienia|głęboka odnowa;retinal 0.2%|ektoina|skwalan|witamina E|bisabolol;ciąża|karmienie piersią|brak adaptacji do retinoidów|wrażliwa skóra;tak;nie;nie;niskie;serum;wieczorem;2-3x/tydzień;Najsilniejszy retinal G&G – dla zaadaptowanej skóry. Ektoina łagodzi podrażnienia. Mocna stymulacja anti-aging.;https://geekandgorgeous.pl/gg-101-serum/60-a-game-10.html
Geek & Gorgeous;B-Bomb – serum z 10% niacynamidem;serum;regulujące;49.00;30;tłusta|mieszana|trądzikowa|normalna;pory|sebum|przebarwienia|nierówny koloryt|niedoskonałości;niacynamid 10%|cynk PCA|pantenol;;tak;tak;tak;niskie;serum;rano i wieczorem;codziennie;Niacynamid 10% + cynk – reguluje sebum, zmniejsza pory, wyrównuje koloryt. Bardzo dobry stosunek ceny do jakości.;https://geekandgorgeous.pl/gg-101-serum/45-b-bomb.html
Geek & Gorgeous;HA 5 Rich – serum z 5 formami kwasu hialuronowego (wersja bogata);serum;nawilżające;52.00;30;sucha|wrażliwa|normalna|odwodniona;odwodnienie|suchość|bariera|zmarszczki z odwodnienia;5 form kwasu hialuronowego|pantenol|trehaloza;;tak;tak;tak;niskie;serum;rano i wieczorem;codziennie;5 mas cząsteczkowych HA – głębokie nawilżenie na wielu poziomach. Wersja Rich – bogatsza, dla suchej skóry.;https://geekandgorgeous.pl/gg-101-serum/47-ha-5-rich.html
Geek & Gorgeous;HA 5 Light – serum z 5 formami kwasu hialuronowego (wersja lekka);serum;nawilżające;52.00;30;mieszana|tłusta|normalna|odwodniona;odwodnienie|lekkie nawilżenie|przygotowanie do aktywów;5 form kwasu hialuronowego|ekstrakt z trzęsaka morszczynowatego (Tremella)|pantenol;;tak;tak;tak;niskie;serum;rano i wieczorem;codziennie;Lekka wersja HA5 – żelowa konsystencja z Tremella. Nie obciąża tłustej/mieszanej skóry.;https://geekandgorgeous.pl/gg-101-serum/48-ha-5-light.html
Geek & Gorgeous;Stress Less – serum 0,5% Beta Glukan + Madekasozyd;serum;kojące;65.00;30;wrażliwa|naczynkowa|sucha|każda (jako wsparcie);zaczerwienienia|podrażnienia|bariera|regeneracja pozabiegowa|reaktywność;beta glukan 0.5%|madekasozyd (CICA)|pantenol|alantoina|bisabolol;;tak;tak;tak;niskie;serum;rano i wieczorem;codziennie;Beta glukan + CICA – kojąco-naprawcze serum. Świetny towarzysz retinalu i kwasów. Wzmacnia barierę.;https://geekandgorgeous.pl/gg-101-serum/49-stress-less-beta-glukan-madecassoside-05.html
Geek & Gorgeous;aPAD – serum z 6% azeloglicyną;serum;na zaczerwienienia;65.00;30;tłusta|mieszana|trądzikowa|naczynkowa|wrażliwa;zaczerwienienia|sebum|przebarwienia|trądzik różowaty|niedoskonałości;azeloglicyna 6% (pochodna kwasu azelainowego)|pantenol|alantoina;;tak;tak;tak;niskie;serum;rano i wieczorem;codziennie;Azeloglicyna – łagodniejsza pochodna kwasu azelainowego. Redukuje zaczerwienienia i przebarwienia bez podrażnień. Bezpieczna w ciąży.;https://geekandgorgeous.pl/gg-101-serum/43-apad.html
Geek & Gorgeous;Power Peptides – kremowe serum peptydowe;serum;anti-aging;75.00;30;dojrzała|normalna|mieszana|sucha;zmarszczki|utrata jędrności|elastyczność|starzenie;Matrixyl 3000|Matrixyl Synthe'6|peptydy miedziowe|Argireline|pantenol|alantoina;kwasy (w tej samej rutynie)|witamina C (w tej samej rutynie – peptydy miedziowe);tak;tak;tak;niskie;serum;rano i wieczorem;codziennie;4 technologie peptydowe w jednym – Matrixyl 3000+Synthe'6, peptydy miedziowe, Argireline. Kremowa konsystencja, dobra cena za peptydy.;https://geekandgorgeous.pl/produkty/58-power-peptides-stymulujace-serum-z-peptydami-30-ml.html
Geek & Gorgeous;Mighty Melt – balsam do demakijażu;balsam do demakijażu;demakijaż;45.00;100;wszystkie;demakijaż|SPF|makijaż wodoodporny;estry syntetyczne (czyszczące)|witamina E|skwalan;;tak;tak;tak;niskie;demakijaż;wieczorem;codziennie;Kultowy balsam do demakijażu – topi makijaż i SPF, emulguje z wodą, nie zostawia filmu. Krok 1 double cleansing.;https://geekandgorgeous.pl/produkty/50-mighty-melt-balsam-do-demakijazu-100-ml.html
Geek & Gorgeous;Jelly Joker – żel do mycia twarzy;żel do mycia;łagodny;45.00;150;wszystkie|wrażliwa;oczyszczanie|delikatne mycie|bariera;łagodne surfaktanty|pantenol|alantoina|gliceryna;;tak;tak;tak;niskie;oczyszczanie;rano i wieczorem;codziennie;Żelowy preparat myjący – pH ~5.5, nie podrażnia oczu, nie przesusza. Krok 2 double cleansing lub jedyne mycie rano.;https://geekandgorgeous.pl/produkty/51-jelly-joker-zel-do-mycia-twarzy-150-ml.html
Geek & Gorgeous;Liquid Hydration – tonik nawilżający w sprayu;tonik;nawilżający;46.00;100;wszystkie|wrażliwa|odwodniona;odwodnienie|bariera|przygotowanie do serum|podrażnienia;pantenol 5%|NMF (Natural Moisturising Factors)|betaina|alantoina;;tak;tak;tak;niskie;tonik;rano i wieczorem;codziennie;Tonik w sprayu z 5% pantenolem + NMF. Nawilża, koi i przygotowuje do aktywów. Minimalistyczny, uniwersalny.;https://geekandgorgeous.pl/gg-101-serum/40-liquid-hydration.html
Geek & Gorgeous;Hydration Station – nawilżający żel-krem z gliceryną i ektoiną;krem;nawilżający;48.00;50;normalna|mieszana|tłusta|odwodniona;nawilżenie|bariera|lekka pielęgnacja;gliceryna|ektoina|pantenol|witamina E;bardzo sucha skóra (może być za lekki);tak;tak;tak;niskie;krem;rano i wieczorem;codziennie;Lekki żel-krem z ektoiną – nawilża bez obciążania. Świetny pod SPF. Dobry dla skóry z niedoskonałościami.;https://geekandgorgeous.pl/produkty/52-hydration-station-intensywnie-nawilzajacy-zel-krem-50-ml.html
Geek & Gorgeous;Happier Barrier – krem regenerujący ze skwalanem i lipidami;krem;regenerujący;59.00;50;sucha|wrażliwa|normalna|dojrzała;bariera|suchość|podrażnienia|regeneracja;skwalan 10%|lipidy identyczne ze skórą|polifenole zielonej herbaty|witamina E|pantenol;tłusta/trądzikowa skóra (może być za bogaty);tak;tak;tak;niskie;krem;rano i wieczorem;codziennie;Krem barierowy ze skwalanem + lipidy identyczne ze skórą. Odbudowuje płaszcz hydrolipidowy. Bogaty, ale nie ciężki.;https://geekandgorgeous.pl/produkty/53-happier-barrier-krem-regenerujacy-50-ml.html
Geek & Gorgeous;Zero Feel SPF 50 – matujący krem z filtrem;SPF;matujący;65.00;50;normalna|mieszana|tłusta;ochrona UV|fotostarzenie|matowienie|komfort noszenia;filtry UVA/UVB nowej generacji (SPF 50, UVA-PF 30)|niacynamid|witamina E;sucha skóra (matowe wykończenie);tak;tak;tak;niskie;SPF;rano;codziennie;Nowość G&G 2025 – niewyczuwalny SPF50, matowe wykończenie, nie szczypie w oczy, nie roluje się. Bardzo dobry UVA-PF 30.;https://geekandgorgeous.pl/gg-101-serum/61-zero-feel-spf-50-.html
AA;AA Retinol Intensive 50+ Krem na dzień aktywny lifting;krem;anti-aging;39.99;50;dojrzała|normalna|sucha;zmarszczki|utrata jędrności|suchość;retinol|kolagen|kwas hialuronowy|witamina E;ciąża;nie;nie;tak;niskie;krem;rano;codziennie;Budżetowy krem anti-aging z retinolem – dobre rozwiązanie na start z retinoidami w kremie. Apteczna cena.;https://aacosmetics.com
AA;AA Retinol Intensive 50+ Krem na noc aktywna regeneracja;krem;anti-aging;39.99;50;dojrzała|normalna|sucha;zmarszczki|regeneracja|utrata jędrności;retinol|kolagen|kwas hialuronowy|witamina E;ciąża;nie;nie;tak;niskie;krem;wieczorem;codziennie;Nocna wersja kremu retinolowego AA – wspomaga regenerację podczas snu. Dobra cena za retinol w kremie.;https://aacosmetics.com
AA;AA Ceramidy Intensywne Nawilżenie krem na dzień;krem;nawilżający;32.99;50;sucha|wrażliwa|normalna;suchość|bariera|odwodnienie;ceramidy|kwas hialuronowy|pantenol|gliceryna;;nie;tak;tak;niskie;krem;rano;codziennie;Ceramidowy krem nawilżający w przystępnej cenie – odbudowuje barierę. Dostępny w każdej drogerii.;https://aacosmetics.com
AA;AA Hypersensitive Kojący krem nawilżający do cery wrażliwej i naczynkowej;krem;kojący;34.99;50;wrażliwa|naczynkowa|sucha;zaczerwienienia|podrażnienia|reaktywność|suchość;prebiotyki|pantenol|masło shea|witamina E;;tak;tak;tak;niskie;krem;rano i wieczorem;codziennie;Linia dla ultraczułej skóry – bez barwników i zapachów. Koi zaczerwienienia, minimalna formuła.;https://aacosmetics.com
AA;AA Witamina C Aktywne serum rozświetlające;serum;rozświetlające;39.99;30;normalna|mieszana|dojrzała;szary koloryt|przebarwienia|antyoksydacja;witamina C|witamina E|kwas hialuronowy;;nie;tak;tak;niskie;serum;rano;codziennie;Budżetowe serum z wit. C – rozświetla i chroni antyoksydacyjnie. Dobre na start z wit. C.;https://aacosmetics.com
Tołpa;Tołpa dermo face Physio krem nawilżający na dzień SPF20;krem;nawilżający SPF;42.99;40;normalna|sucha|wrażliwa;nawilżenie|ochrona UV|bariera;torfowe kompleksy biologiczne|kwas hialuronowy|filtry SPF20|gliceryna;;nie;tak;tak;niskie;krem;rano;codziennie;Kultowa linia Physio tołpy – lekki krem dzienny z SPF20. Dobrze działa jako codzienna baza nawilżająca.;https://tolpa.pl
Tołpa;Tołpa dermo face Rosacal wzmacniający krem na dzień SPF10;krem;na naczynka;44.99;40;naczynkowa|wrażliwa;zaczerwienienia|naczynka|reaktywność;kompleksy torfowe|witamina C|witamina K|hesperydyna|pantenol;;nie;tak;tak;niskie;krem;rano;codziennie;Linia dla cery naczynkowej – wzmacnia naczynia, redukuje zaczerwienienia. Apteczna marka z polskimi kompleksami torfowymi.;https://tolpa.pl
Tołpa;Tołpa dermo face Sebio żel myjący do cery tłustej i mieszanej;żel do mycia;oczyszczający;28.99;195;tłusta|mieszana|trądzikowa;sebum|niedoskonałości|oczyszczanie;kompleksy torfowe|cynk|kwas salicylowy;sucha skóra;nie;nie;tak;niskie;oczyszczanie;rano i wieczorem;codziennie;Żel myjący z linii Sebio – dobrze oczyszcza tłustą skórę bez przesuszania. Cynk + kwas salicylowy regulują sebum.;https://tolpa.pl
Tołpa;Tołpa dermo face Sebio normalizujący krem matujący na dzień;krem;matujący;38.99;40;tłusta|mieszana;sebum|pory|błyszczenie|niedoskonałości;cynk PCA|kwas salicylowy|niacynamid|kompleksy torfowe;sucha skóra;nie;nie;tak;niskie;krem;rano;codziennie;Matujący krem z serii Sebio – kontroluje sebum przez cały dzień. Lekka konsystencja pod makijaż.;https://tolpa.pl
Tołpa;Tołpa dermo face Stimular 40+ stymulujący krem ujędrniający na noc;krem;anti-aging;49.99;50;dojrzała|normalna|sucha;zmarszczki|utrata jędrności|regeneracja nocna;retinol|peptydy|kompleksy torfowe|kwas hialuronowy;ciąża;nie;nie;tak;niskie;krem;wieczorem;codziennie;Nocny krem stymulujący 40+ z retinolem i peptydami. Apteczna marka, rozsądna cena za anti-aging.;https://tolpa.pl
Dermika;Dermika Esthetic Solutions serum retiAGE z retinolem;serum;retinol;44.99;30;dojrzała|normalna|mieszana;zmarszczki|przebarwienia|tekstura|utrata jędrności;retinol|skwalan|witamina E|koenzym Q10;ciąża|karmienie piersią;nie;nie;nie;niskie;serum;wieczorem;codziennie (po adaptacji);Budżetowe serum z retinolem od Dermiki – dobre na start z retinoidami, apteczna dostępność.;https://dermika.pl
Dermika;Dermika Esthetic Solutions serum hydraNEW z kwasem hialuronowym;serum;nawilżające;39.99;30;sucha|normalna|odwodniona|wrażliwa;odwodnienie|suchość|zmarszczki z odwodnienia;kwas hialuronowy (nisko- i wysokocząsteczkowy)|pantenol|gliceryna;;nie;tak;tak;niskie;serum;rano i wieczorem;codziennie;Serum HA w budżetowej cenie – dwie frakcje kwasu hialuronowego nawilżają na wielu poziomach.;https://dermika.pl
Dermika;Dermika Esthetic Solutions serum vitCBRIGHT z witaminą C;serum;rozświetlające;44.99;30;normalna|mieszana|dojrzała;przebarwienia|szary koloryt|antyoksydacja;witamina C (stabilna forma)|witamina E|kwas ferulowy;;nie;tak;tak;niskie;serum;rano;codziennie;Serum z wit. C od Dermiki – stabilna forma, rozświetla i chroni. Dobry budżetowy odpowiednik droższych ser.;https://dermika.pl
Dermika;Dermika Hydralogiq krem nawilżająco-odżywczy 30+;krem;nawilżający;29.99;50;normalna|sucha|mieszana;nawilżenie|odżywienie|pierwsze zmarszczki;kwas hialuronowy|skwalan|witamina E|gliceryna;;nie;tak;tak;niskie;krem;rano i wieczorem;codziennie;Prosty krem nawilżający 30+ – przystępna cena, dobra baza codzienna. Drogeryjna klasyka.;https://dermika.pl
CeraVe;CeraVe Nawilżający krem do twarzy z SPF30;krem;nawilżający SPF;59.99;52;normalna|sucha|wrażliwa;ochrona UV|nawilżenie|bariera;ceramidy (1, 3, 6-II)|kwas hialuronowy|niacynamid|MVE technology|filtry SPF30;;tak;tak;tak;niskie;krem;rano;codziennie;Kultowy ceramidowy krem z SPF30 – technologia MVE uwalnia ceramidy stopniowo. Bezpieczny, apteczny bestseller.;https://www.cerave.pl
CeraVe;CeraVe Nawilżający krem do twarzy (Moisturising Cream);krem;nawilżający;49.99;52;sucha|normalna|wrażliwa;suchość|bariera|nawilżenie;ceramidy (1, 3, 6-II)|kwas hialuronowy|gliceryna|MVE technology;;tak;tak;tak;niskie;krem;rano i wieczorem;codziennie;Złoty standard kremu barierowego – 3 ceramidy + HA + MVE. Minimalna formuła, maksymalna odbudowa bariery.;https://www.cerave.pl
CeraVe;CeraVe Nawilżający balsam do twarzy (Moisturising Lotion);krem;nawilżający lekki;49.99;52;normalna|mieszana;nawilżenie|bariera|lekka pielęgnacja;ceramidy (1, 3, 6-II)|kwas hialuronowy|niacynamid|MVE technology;;tak;tak;tak;niskie;krem;rano i wieczorem;codziennie;Lżejsza wersja kultowego kremu CeraVe – ta sama technologia ceramidowa, ale lekka konsystencja dla skóry normalnej/mieszanej.;https://www.cerave.pl
CeraVe;CeraVe Hydrating Cleanser (Nawilżający żel do mycia);żel do mycia;nawilżający;42.99;236;sucha|normalna|wrażliwa;suchość|bariera|delikatne oczyszczanie;ceramidy (1, 3, 6-II)|kwas hialuronowy|gliceryna;;tak;tak;tak;niskie;oczyszczanie;rano i wieczorem;codziennie;Żel myjący bez SLS – nawilża podczas mycia dzięki ceramidom i HA. Nie narusza bariery, nie pieniący się mocno.;https://www.cerave.pl
CeraVe;CeraVe Foaming Cleanser (Pieniący się żel do mycia);żel do mycia;oczyszczający;42.99;236;normalna|tłusta|mieszana;oczyszczanie|sebum|niedoskonałości;ceramidy (1, 3, 6-II)|niacynamid|kwas hialuronowy;bardzo sucha skóra;tak;tak;tak;niskie;oczyszczanie;rano i wieczorem;codziennie;Pieniący się żel z niacynamidem i ceramidami – skutecznie oczyszcza tłustą cerę bez niszczenia bariery.;https://www.cerave.pl
CeraVe;CeraVe SA Smoothing Cleanser (Wygładzający żel z kwasem salicylowym);żel do mycia;złuszczający;45.99;236;tłusta|mieszana|trądzikowa;niedoskonałości|zaskórniki|szorstka tekstura|pory;kwas salicylowy (BHA)|ceramidy (1, 3, 6-II)|niacynamid|kwas hialuronowy;ciąża|wrażliwa skóra;tak;nie;tak;niskie;oczyszczanie;wieczorem;codziennie lub co 2. dzień;Żel z BHA + ceramidy – oczyszcza pory kwasem salicylowym nie niszcząc bariery. Unikalny duet w oczyszczaniu.;https://www.cerave.pl
CeraVe;CeraVe Serum z retinolem do odnowy skóry;serum;retinol;79.99;30;normalna|mieszana|dojrzała;zmarszczki|przebarwienia|tekstura|pory;retinol enkapsulowany|ceramidy (1, 3, 6-II)|niacynamid|kwas hialuronowy;ciąża|karmienie piersią;tak;nie;tak;niskie;serum;wieczorem;co 2-3 dni (stopniowo codziennie);Retinol enkapsulowany + ceramidy – CeraVe chroni barierę nawet przy retinoidach. Łagodne wprowadzenie w retinol.;https://www.cerave.pl
CeraVe;CeraVe Skin Renewing Vitamin C Serum;serum;rozświetlające;79.99;30;normalna|mieszana|dojrzała|wrażliwa;przebarwienia|szary koloryt|antyoksydacja;witamina C 10% (kwas L-askorbinowy)|ceramidy|kwas hialuronowy|witamina E;;tak;tak;tak;niskie;serum;rano;codziennie;Wit. C 10% w ceramidowej otoczce – rozświetla i chroni, jednocześnie wspierając barierę. Apteczna pewność.;https://www.cerave.pl
Bandi;Bandi Medical Expert Anti-Irritate krem kojący do cery naczynkowej i wrażliwej;krem;na naczynka;69.00;50;naczynkowa|wrażliwa|sucha;zaczerwienienia|naczynka|podrażnienia|reaktywność;witamina K|witamina C|alantoina|pantenol|kwas hialuronowy;;tak;tak;tak;niskie;krem;rano i wieczorem;codziennie;Krem z wit. K i C na naczynka – wzmacnia ścianki naczyń i redukuje zaczerwienienia. Polska marka profesjonalna.;https://brantl.pl/bandi
Bandi;Bandi Medical Expert Anti-Acne krem lekki przeciw trądzikowi;krem;na trądzik;65.00;50;tłusta|mieszana|trądzikowa;trądzik|niedoskonałości|sebum|pory;kwas azelainowy|niacynamid|cynk|kwas salicylowy|pantenol;ciąża (BHA);tak;nie;tak;niskie;krem;rano i wieczorem;codziennie;Lekki krem na trądzik z kwasem azelainowym i BHA – kontroluje stany zapalne i sebum bez przesuszania.;https://brantl.pl/bandi
Bandi;Bandi Medical Expert Anti-Dark Spot serum na przebarwienia;serum;rozświetlające;79.00;30;normalna|mieszana|dojrzała;przebarwienia|nierówny koloryt|plamy potrądzikowe;witamina C|kwas traneksamowy|niacynamid|arbutyna|kwas kojowy;;tak;tak;tak;niskie;serum;rano i wieczorem;codziennie;Wieloskładnikowe serum na przebarwienia – kilka mechanizmów rozjaśniania naraz. Profesjonalna formuła.;https://brantl.pl/bandi
Bielenda;Bielenda Skin Clinic Professional Aktywne serum odmładzające z retinolem;serum;retinol;24.99;30;dojrzała|normalna|mieszana;zmarszczki|przebarwienia|tekstura;retinol|koenzym Q10|witamina E|skwalan;ciąża|karmienie piersią;nie;nie;nie;niskie;serum;wieczorem;co 2-3 dni (stopniowo codziennie);Bardzo tanie serum retinolowe – dobra opcja na start. Nie oczekuj wysokich stężeń, ale za ~25 zł solidna inicjacja.;https://bielenda.com
Bielenda;Bielenda Skin Clinic Professional Aktywne serum korygujące z witaminą C;serum;rozświetlające;24.99;30;normalna|mieszana|dojrzała;przebarwienia|szary koloryt|antyoksydacja;witamina C|kwas ferulowy|witamina E;;nie;tak;tak;niskie;serum;rano;codziennie;Budżetowe serum z wit. C i kwasem ferulowym – za ~25 zł dostajesz rozświetlanie i antyoksydację.;https://bielenda.com
Bielenda;Bielenda Skin Clinic Professional Aktywne serum nawilżające z kwasem hialuronowym;serum;nawilżające;24.99;30;sucha|normalna|odwodniona|wrażliwa;odwodnienie|suchość|bariera;kwas hialuronowy (nisko- i wysokocząsteczkowy)|pantenol|gliceryna;;nie;tak;tak;niskie;serum;rano i wieczorem;codziennie;Najtańsze serum HA na rynku PL – dwie formy kwasu hialuronowego za mniej niż 25 zł.;https://bielenda.com
Bielenda;Bielenda Skin Clinic Professional Peeling kwasowy korygujący;peeling;kwasowy;24.99;30;normalna|mieszana|tłusta;tekstura|przebarwienia|pory|szary koloryt;kwas glikolowy|kwas laktobionowy|kwas mlekowy|kwas salicylowy;wrażliwa skóra|ciąża (BHA);nie;nie;nie;niskie;peeling;wieczorem;1-2x/tydzień;Peeling wielokwasowy w budżetowej cenie – AHA+BHA+PHA. Dobry wstęp do złuszczania kwasami.;https://bielenda.com
Bielenda Professional;Bielenda Professional SupremeLab Barrier Renew krem barierowy z ceramidami;krem;barierowy;59.00;50;sucha|wrażliwa|naczynkowa;bariera|suchość|podrażnienia|ściąganie;ceramidy|cholesterol|kwasy tłuszczowe|kwas hialuronowy|pantenol;;tak;tak;tak;niskie;krem;rano i wieczorem;codziennie;Profesjonalny krem barierowy z pełnym kompleksem ceramidowym (ceramidy + cholesterol + kwasy tłuszczowe). Solidna odbudowa.;https://bielendaprofessional.com
Bielenda Professional;Bielenda Professional SupremeLab Acid Fusion 3.0 peeling kwasowy krok 2;peeling;kwasowy profesjonalny;45.00;30;normalna|mieszana|tłusta;tekstura|przebarwienia|zmarszczki|pory;kwas glikolowy|kwas migdałowy|kwas pirogronowy|kwas mlekowy;wrażliwa skóra|ciąża|uszkodzona bariera;tak;nie;nie;niskie;peeling;wieczorem;1x/tydzień;Profesjonalny peeling wielokwasowy – silniejszy niż consumer peelingi. Wymaga ostrożności, ale daje widoczne efekty.;https://bielendaprofessional.com
Bielenda Professional;Bielenda Professional SupremeLab Retinol & Coenzyme Q10 serum odmładzające na noc;serum;retinol;55.00;30;dojrzała|normalna|mieszana;zmarszczki|utrata jędrności|przebarwienia|tekstura;retinol|koenzym Q10|witamina E|skwalan;ciąża|karmienie piersią;tak;nie;nie;niskie;serum;wieczorem;co 2-3 dni (stopniowo codziennie);Serum retinolowe z profesjonalnej linii Bielendy – lepsze stężenia niż consumer linia, rozsądna cena.;https://bielendaprofessional.com
Bielenda Professional;Bielenda Professional SupremeLab Niacynamid krem regulujący na dzień;krem;regulujący;49.00;50;tłusta|mieszana|trądzikowa;sebum|pory|niedoskonałości|nierówny koloryt;niacynamid|cynk PCA|kwas hialuronowy|pantenol;;tak;tak;tak;niskie;krem;rano;codziennie;Krem z niacynamidem z linii profesjonalnej – reguluje sebum, zmniejsza pory. Lepsza formuła niż consumer wersja.;https://bielendaprofessional.com
Ziaja;Ziaja Med Kuracja dermatologiczna z AZS krem natłuszczający;krem;emolient;25.99;50;sucha|wrażliwa|atopowa;suchość|bariera|egzema|ściąganie|podrażnienia;ceramidy|cholesterol|kwasy tłuszczowe|pantenol|masło shea;;tak;tak;tak;niskie;krem;rano i wieczorem;codziennie (wielokrotnie);Tani emolient apteczny z ceramidami – świetny do odbudowy bariery. Formuła bliska CeraVe za ułamek ceny.;https://ziaja.com
Ziaja;Ziaja Med Lipidowa kuracja fizjologiczna krem barierowy na noc;krem;barierowy;29.99;50;sucha|wrażliwa|normalna;bariera|suchość|regeneracja nocna;ceramidy|lipidy identyczne ze skórą|pantenol|masło shea|witamina E;;tak;tak;tak;niskie;krem;wieczorem;codziennie;Nocny krem lipidowy Ziaja Med – odbudowuje barierę przez noc. Bardzo dobry stosunek jakości do ceny.;https://ziaja.com
Ziaja;Ziaja Sensitive krem łagodzący na dzień;krem;kojący;18.99;50;wrażliwa|naczynkowa|sucha;zaczerwienienia|podrażnienia|reaktywność;pantenol|bisabolol|alantoina|gliceryna;;tak;tak;tak;niskie;krem;rano;codziennie;Ultrabudżetowy krem kojący – mniej niż 20 zł, a koi i nawilża wrażliwą skórę. Minimalna, bezpieczna formuła.;https://ziaja.com
Ziaja;Ziaja Med Kuracja z witaminą C serum rozświetlające na noc;serum;rozświetlające;29.99;30;normalna|mieszana|dojrzała;przebarwienia|szary koloryt|antyoksydacja;witamina C (stabilna forma)|witamina E|kwas hialuronowy;;nie;tak;tak;niskie;serum;wieczorem;codziennie;Serum z wit. C z aptecznej linii Ziaja Med – za ~30 zł przyzwoite rozświetlanie. Dobra opcja budżetowa.;https://ziaja.com
Cetaphil;Cetaphil Gentle Skin Cleanser (Łagodna emulsja myjąca);emulsja myjąca;łagodna;49.99;236;wszystkie|wrażliwa|sucha;delikatne oczyszczanie|bariera|reaktywność;gliceryna|pantenol|niacynamid|witamina B5;;tak;tak;tak;niskie;oczyszczanie;rano i wieczorem;codziennie;Klasyk delikatnego oczyszczania – dermatologicznie polecana od dekad. Nie pieniąca się, nie podrażnia. Bezpieczna dla każdej skóry.;https://cetaphil.pl
Cetaphil;Cetaphil Daily Facial Moisturizer SPF50+;krem;nawilżający SPF;69.99;50;normalna|wrażliwa|sucha;ochrona UV|nawilżenie|bariera|fotostarzenie;filtry SPF50+|gliceryna|niacynamid|kwas hialuronowy|pantenol;;tak;tak;tak;niskie;krem;rano;codziennie;Krem z SPF50+ od aptecznej marki – nawilża i chroni jednocześnie. Lekki, nie zostawia białego filmu.;https://cetaphil.pl
Cetaphil;Cetaphil Moisturising Cream (Krem nawilżający);krem;nawilżający;55.99;85;sucha|wrażliwa|normalna;suchość|bariera|ściąganie|nawilżenie;gliceryna|olej ze słodkich migdałów|pantenol|niacynamid;;tak;tak;tak;niskie;krem;rano i wieczorem;codziennie;Bogaty krem nawilżający Cetaphil – sprawdzony w dermatologii, bezpieczna baza dla każdej skóry wrażliwej.;https://cetaphil.pl
Eveline;Eveline Glycol Therapy 5% kwasowy peeling olejowy na noc;peeling;kwasowy olejowy;19.99;18;normalna|mieszana|tłusta;tekstura|pory|szary koloryt|niedoskonałości;kwas glikolowy 5%|kompleks olejów|witamina E;wrażliwa skóra|ciąża;nie;nie;nie;niskie;peeling;wieczorem;2-3x/tydzień;Najtańszy peeling glikolowy na polskim rynku – za ~20 zł. Olejowa baza łagodzi działanie kwasu.;https://eveline.eu
Eveline;Eveline Glycol Therapy 20% peeling kwasowy złuszczający;peeling;kwasowy silny;24.99;18;normalna|mieszana|tłusta;tekstura|przebarwienia|głębokie złuszczanie|szary koloryt;kompleks kwasów 20% (glikolowy + mlekowy + migdałowy)|pantenol;wrażliwa skóra|naczynkowa skóra|ciąża|uszkodzona bariera;nie;nie;nie;niskie;peeling;wieczorem;1x/tydzień;Silny peeling 20% za ~25 zł – wymaga ostrożności, ale daje efekt profesjonalnego złuszczania w domu.;https://eveline.eu
Eveline;Eveline Serum Shot niacynamid 15%;serum;regulujące;14.99;30;tłusta|mieszana|trądzikowa;pory|sebum|niedoskonałości|nierówny koloryt;niacynamid 15%|cynk;wrażliwa skóra (wysokie stężenie – może podrażniać);nie;tak;tak;niskie;serum;rano i wieczorem;codziennie;Ultra-budżetowy niacynamid – za ~15 zł dostajesz 15% niacynamidu. Uwaga: wysokie stężenie może podrażniać wrażliwą skórę.;https://eveline.eu
Eveline;Eveline Serum Shot witamina C 20%;serum;rozświetlające;14.99;30;normalna|mieszana|dojrzała;szary koloryt|przebarwienia|antyoksydacja;witamina C 20% (stabilna pochodna)|gliceryna;wrażliwa skóra;nie;tak;tak;niskie;serum;rano;codziennie;Najtańsze serum z wit. C na rynku – za ~15 zł. Stabilna forma, ale nie czysta LAA. Dobry start budżetowy.;https://eveline.eu
Eveline;Eveline Serum Shot kwas hialuronowy 2%;serum;nawilżające;14.99;30;sucha|normalna|odwodniona|wrażliwa;odwodnienie|suchość;kwas hialuronowy 2%|gliceryna;;nie;tak;tak;niskie;serum;rano i wieczorem;codziennie;Ultra-budżetowe serum HA – za ~15 zł podstawowe nawilżenie. Dobry wstęp do serum dla osób z ograniczonym budżetem.;https://eveline.eu
Samarite;Samarite Active Cream SPF15 – krem aktywny z peptydami;krem;anti-aging SPF;299.00;50;dojrzała|normalna|sucha;zmarszczki|utrata jędrności|nawilżenie|ochrona UV;peptydy (Matrixyl)|kwas hialuronowy|witamina E|filtry SPF15|skwalan;;nie;tak;tak;niskie;krem;rano;codziennie;Premium polska marka – bogaty krem peptydowy z SPF15. Luksusowa konsystencja, wysokie stężenia aktywów. Segment premium.;https://samarite.com
Samarite;Samarite Divine Cream – krem regenerująco-odżywczy;krem;odżywczy;349.00;45;sucha|dojrzała|normalna;suchość|zmarszczki|regeneracja|utrata elastyczności;ekstrakt z kawioru|peptydy|koenzym Q10|witamina E|skwalan|kwas hialuronowy;;nie;tak;tak;niskie;krem;wieczorem;codziennie;Luksusowy krem nocny – peptydy + ekstrakt z kawioru. Intensywna regeneracja i odżywienie. Segment premium 300+ zł.;https://samarite.com
Samarite;Samarite Serum Supreme – serum przeciwzmarszczkowe z peptydami;serum;anti-aging;279.00;30;dojrzała|normalna|sucha;zmarszczki|utrata jędrności|antyoksydacja|regeneracja;peptydy (Matrixyl 3000)|kwas hialuronowy|witamina C|koenzym Q10|resweratrol;;nie;tak;tak;niskie;serum;rano i wieczorem;codziennie;Premium serum peptydowe – bogata formuła z Matrixylem i resweratrolem. Dla osób gotowych zainwestować w anti-aging.;https://samarite.com
Yasumi;Yasumi Niacinamide 12% + Zinc PCA serum regulujące;serum;regulujące;49.00;30;tłusta|mieszana|trądzikowa;sebum|pory|niedoskonałości|nierówny koloryt;niacynamid 12%|cynk PCA|kwas hialuronowy;wrażliwa skóra (wysokie stężenie);tak;tak;tak;niskie;serum;rano i wieczorem;codziennie;Profesjonalna marka gabinetowa – 12% niacynamidu z cynkiem. Skutecznie reguluje sebum i zmniejsza pory.;https://yasumi.pl
Yasumi;Yasumi Vitamin C 20% serum antyoksydacyjne;serum;rozświetlające;59.00;30;normalna|mieszana|dojrzała;przebarwienia|szary koloryt|antyoksydacja|fotostarzenie;witamina C 20% (stabilna forma)|witamina E|kwas ferulowy;wrażliwa skóra (wysokie stężenie);tak;tak;tak;niskie;serum;rano;codziennie;Serum wit. C 20% od gabinetowej marki – wysoka dawka z kwasem ferulowym. Profesjonalna jakość, przystępna cena.;https://yasumi.pl
Yasumi;Yasumi Retinol 0.5% serum odmładzające;serum;retinol;55.00;30;dojrzała|normalna|mieszana;zmarszczki|przebarwienia|tekstura|utrata jędrności;retinol 0.5%|skwalan|witamina E|bisabolol;ciąża|karmienie piersią|brak adaptacji do retinoidów;tak;nie;nie;niskie;serum;wieczorem;co 2-3 dni;Retinol 0,5% od polskiej marki gabinetowej – przyzwoite stężenie w dobrej cenie. Alternatywa dla BasicLab retinol.;https://yasumi.pl
Yasumi;Yasumi Hyaluronic Acid serum nawilżające;serum;nawilżające;45.00;30;sucha|normalna|odwodniona|wrażliwa;odwodnienie|suchość|bariera;kwas hialuronowy (wielocząsteczkowy)|pantenol|alantoina|gliceryna;;tak;tak;tak;niskie;serum;rano i wieczorem;codziennie;Serum HA od Yasumi – kilka mas cząsteczkowych, nawilżanie na wielu poziomach. Gabinetowa jakość do użytku domowego.;https://yasumi.pl
Yasumi;Yasumi Azelaic Acid 10% serum na niedoskonałości i przebarwienia;serum;na niedoskonałości;55.00;30;tłusta|mieszana|trądzikowa|naczynkowa;trądzik|przebarwienia|zaczerwienienia|niedoskonałości;kwas azelainowy 10%|niacynamid|pantenol;;tak;tak;tak;niskie;serum;rano i wieczorem;codziennie;10% kwasu azelainowego – mocne stężenie w kosmetyku. Redukuje trądzik, przebarwienia i zaczerwienienia. Bezpieczny w ciąży.;https://yasumi.pl
Yasumi;Yasumi Peptide Complex serum peptydowe liftingujące;serum;anti-aging;69.00;30;dojrzała|normalna|wrażliwa;zmarszczki|utrata jędrności|elastyczność;Matrixyl 3000|Argireline|peptydy miedziowe|kwas hialuronowy|pantenol;kwasy AHA/BHA (w tej samej rutynie)|witamina C (w tej samej rutynie);tak;tak;tak;niskie;serum;rano i wieczorem;codziennie;Kompleks peptydowy od gabinetowej marki – Matrixyl + Argireline + peptydy miedziowe. Wielowymiarowe anti-aging.;https://yasumi.pl
